sensor_id;sensor_type;location;lat;lon;timestamp;temperature;humidity
3660;DHT22;1846;51.482;7.224;2022-05-26T00:01:05;16.60;1.00
3660;DHT22;1846;51.482;7.224;2022-05-26T00:03:33;16.50;23.60
3660;DHT22;1846;51.482;7.224;2022-05-26T00:06:00;16.50;99.90
3660;DHT22;1846;51.482;7.224;2022-05-26T00:08:28;16.60;31.90
3660;DHT22;1846;51.482;7.224;2022-05-26T00:10:56;16.70;14.80
3660;DHT22;1846;51.482;7.224;2022-05-26T00:13:24;16.60;1.00
3660;DHT22;1846;51.482;7.224;2022-05-26T00:15:51;16.60;98.80
3660;DHT22;1846;51.482;7.224;2022-05-26T00:18:18;16.60;99.90
3660;DHT22;1846;51.482;7.224;2022-05-26T00:20:46;16.60;99.90
3660;DHT22;1846;51.482;7.224;2022-05-26T00:23:12;16.50;99.90
3660;DHT22;1846;51.482;7.224;2022-05-26T00:25:40;16.50;99.90
3660;DHT22;1846;51.482;7.224;2022-05-26T00:28:09;16.40;99.90
3660;DHT22;1846;51.482;7.224;2022-05-26T00:30:36;16.50;99.90
3660;DHT22;1846;51.482;7.224;2022-05-26T00:33:04;16.50;99.90
3660;DHT22;1846;51.482;7.224;2022-05-26T00:35:31;16.40;99.90
3660;DHT22;1846;51.482;7.224;2022-05-26T00:38:01;16.50;99.90
3660;DHT22;1846;51.482;7.224;2022-05-26T00:40:28;16.40;99.90
3660;DHT22;1846;51.482;7.224;2022-05-26T00:42:56;16.40;1.00
3660;DHT22;1846;51.482;7.224;2022-05-26T00:45:24;16.40;99.90
3660;DHT22;1846;51.482;7.224;2022-05-26T00:47:56;16.40;99.90
3660;DHT22;1846;51.482;7.224;2022-05-26T00:50:26;16.30;99.90
3660;DHT22;1846;51.482;7.224;2022-05-26T00:52:56;16.30;1.00
3660;DHT22;1846;51.482;7.224;2022-05-26T00:55:27;16.40;1.00
3660;DHT22;1846;51.482;7.224;2022-05-26T00:58:00;16.40;99.90
3660;DHT22;1846;51.482;7.224;2022-05-26T01:00:32;16.40;1.00
3660;DHT22;1846;51.482;7.224;2022-05-26T01:03:07;16.40;99.90
3660;DHT22;1846;51.482;7.224;2022-05-26T01:05:41;16.40;1.00
3660;DHT22;1846;51.482;7.224;2022-05-26T01:08:17;16.40;99.90
3660;DHT22;1846;51.482;7.224;2022-05-26T01:10:46;16.40;1.00
3660;DHT22;1846;51.482;7.224;2022-05-26T01:13:15;16.40;99.90
3660;DHT22;1846;51.482;7.224;2022-05-26T01:15:52;16.40;1.00
3660;DHT22;1846;51.482;7.224;2022-05-26T01:18:29;16.50;99.90
3660;DHT22;1846;51.482;7.224;2022-05-26T01:21:05;16.40;1.00
3660;DHT22;1846;51.482;7.224;2022-05-26T01:23:58;16.50;1.00
3660;DHT22;1846;51.482;7.224;2022-05-26T01:26:59;16.40;1.00
3660;DHT22;1846;51.482;7.224;2022-05-26T01:29:57;16.60;1.00
3660;DHT22;1846;51.482;7.224;2022-05-26T01:32:35;16.50;99.90
3660;DHT22;1846;51.482;7.224;2022-05-26T01:35:12;16.60;1.00
3660;DHT22;1846;51.482;7.224;2022-05-26T01:37:49;16.40;1.00
3660;DHT22;1846;51.482;7.224;2022-05-26T01:40:23;16.50;1.00
3660;DHT22;1846;51.482;7.224;2022-05-26T01:43:02;16.40;1.00
3660;DHT22;1846;51.482;7.224;2022-05-26T01:45:41;16.60;1.00
3660;DHT22;1846;51.482;7.224;2022-05-26T01:48:16;16.50;1.00
3660;DHT22;1846;51.482;7.224;2022-05-26T01:50:48;16.30;1.00
3660;DHT22;1846;51.482;7.224;2022-05-26T01:53:27;16.30;99.90
3660;DHT22;1846;51.482;7.224;2022-05-26T01:56:01;16.30;99.90
3660;DHT22;1846;51.482;7.224;2022-05-26T01:58:33;16.40;99.90
3660;DHT22;1846;51.482;7.224;2022-05-26T02:01:06;16.30;1.00
3660;DHT22;1846;51.482;7.224;2022-05-26T02:03:37;16.30;1.00
3660;DHT22;1846;51.482;7.224;2022-05-26T02:06:10;16.50;1.00
3660;DHT22;1846;51.482;7.224;2022-05-26T02:08:42;16.30;1.00
3660;DHT22;1846;51.482;7.224;2022-05-26T02:11:12;16.30;52.00
3660;DHT22;1846;51.482;7.224;2022-05-26T02:13:42;16.20;72.10
3660;DHT22;1846;51.482;7.224;2022-05-26T02:16:16;16.10;99.90
3660;DHT22;1846;51.482;7.224;2022-05-26T02:18:50;16.10;99.90
3660;DHT22;1846;51.482;7.224;2022-05-26T02:21:20;16.30;99.90
3660;DHT22;1846;51.482;7.224;2022-05-26T02:23:53;16.40;99.90
3660;DHT22;1846;51.482;7.224;2022-05-26T02:26:22;16.40;99.90
3660;DHT22;1846;51.482;7.224;2022-05-26T02:28:49;16.20;99.90
3660;DHT22;1846;51.482;7.224;2022-05-26T02:31:34;16.30;99.90
3660;DHT22;1846;51.482;7.224;2022-05-26T02:34:04;16.20;99.90
3660;DHT22;1846;51.482;7.224;2022-05-26T02:36:33;16.10;30.80
3660;DHT22;1846;51.482;7.224;2022-05-26T02:39:01;15.90;99.90
3660;DHT22;1846;51.482;7.224;2022-05-26T02:41:29;15.90;99.90
3660;DHT22;1846;51.482;7.224;2022-05-26T02:43:56;16.10;99.90
3660;DHT22;1846;51.482;7.224;2022-05-26T02:46:32;16.30;99.90
3660;DHT22;1846;51.482;7.224;2022-05-26T02:49:13;16.20;99.90
3660;DHT22;1846;51.482;7.224;2022-05-26T02:51:50;16.20;99.90
3660;DHT22;1846;51.482;7.224;2022-05-26T02:54:26;16.30;1.00
3660;DHT22;1846;51.482;7.224;2022-05-26T02:57:06;16.20;57.80
3660;DHT22;1846;51.482;7.224;2022-05-26T02:59:41;16.00;99.90
3660;DHT22;1846;51.482;7.224;2022-05-26T03:02:13;16.00;99.90
3660;DHT22;1846;51.482;7.224;2022-05-26T03:04:46;16.00;99.90
3660;DHT22;1846;51.482;7.224;2022-05-26T03:07:17;16.10;99.90
3660;DHT22;1846;51.482;7.224;2022-05-26T03:09:45;16.10;1.00
3660;DHT22;1846;51.482;7.224;2022-05-26T03:12:23;16.00;1.00
3660;DHT22;1846;51.482;7.224;2022-05-26T03:14:51;16.00;1.00
3660;DHT22;1846;51.482;7.224;2022-05-26T03:17:18;16.20;1.00
3660;DHT22;1846;51.482;7.224;2022-05-26T03:19:46;16.10;99.90
3660;DHT22;1846;51.482;7.224;2022-05-26T03:22:13;15.90;1.00
3660;DHT22;1846;51.482;7.224;2022-05-26T03:24:40;16.00;22.80
3660;DHT22;1846;51.482;7.224;2022-05-26T03:27:07;15.90;1.00
3660;DHT22;1846;51.482;7.224;2022-05-26T03:29:34;16.00;62.90
3660;DHT22;1846;51.482;7.224;2022-05-26T03:32:01;15.80;44.30
3660;DHT22;1846;51.482;7.224;2022-05-26T03:34:28;15.90;99.90
3660;DHT22;1846;51.482;7.224;2022-05-26T03:37:14;16.00;1.00
3660;DHT22;1846;51.482;7.224;2022-05-26T03:39:58;15.90;80.70
3660;DHT22;1846;51.482;7.224;2022-05-26T03:42:43;15.80;61.30
3660;DHT22;1846;51.482;7.224;2022-05-26T03:45:11;15.80;99.90
3660;DHT22;1846;51.482;7.224;2022-05-26T03:47:38;15.80;99.90
3660;DHT22;1846;51.482;7.224;2022-05-26T03:50:06;15.80;99.90
3660;DHT22;1846;51.482;7.224;2022-05-26T03:52:35;15.80;99.90
3660;DHT22;1846;51.482;7.224;2022-05-26T03:55:03;15.70;99.90
3660;DHT22;1846;51.482;7.224;2022-05-26T03:57:30;15.80;1.00
3660;DHT22;1846;51.482;7.224;2022-05-26T03:59:57;15.80;1.00
3660;DHT22;1846;51.482;7.224;2022-05-26T04:02:24;15.80;1.00
3660;DHT22;1846;51.482;7.224;2022-05-26T04:04:51;15.70;1.00
3660;DHT22;1846;51.482;7.224;2022-05-26T04:07:18;15.50;1.00
3660;DHT22;1846;51.482;7.224;2022-05-26T04:09:47;15.50;1.00
3660;DHT22;1846;51.482;7.224;2022-05-26T04:12:13;15.30;1.00
3660;DHT22;1846;51.482;7.224;2022-05-26T04:14:43;15.10;1.00
3660;DHT22;1846;51.482;7.224;2022-05-26T04:17:09;14.90;23.30
3660;DHT22;1846;51.482;7.224;2022-05-26T04:19:37;14.70;64.70
3660;DHT22;1846;51.482;7.224;2022-05-26T04:22:07;14.60;99.90
3660;DHT22;1846;51.482;7.224;2022-05-26T04:24:45;14.70;99.90
3660;DHT22;1846;51.482;7.224;2022-05-26T04:27:14;14.60;99.90
3660;DHT22;1846;51.482;7.224;2022-05-26T04:29:41;14.60;99.90
3660;DHT22;1846;51.482;7.224;2022-05-26T04:32:09;14.60;99.90
3660;DHT22;1846;51.482;7.224;2022-05-26T04:34:36;14.60;99.90
3660;DHT22;1846;51.482;7.224;2022-05-26T04:37:03;14.70;99.90
3660;DHT22;1846;51.482;7.224;2022-05-26T04:39:31;14.60;99.90
3660;DHT22;1846;51.482;7.224;2022-05-26T04:41:59;14.60;99.90
3660;DHT22;1846;51.482;7.224;2022-05-26T04:44:30;14.70;99.90
3660;DHT22;1846;51.482;7.224;2022-05-26T04:46:58;14.60;99.90
3660;DHT22;1846;51.482;7.224;2022-05-26T04:49:25;14.60;99.90
3660;DHT22;1846;51.482;7.224;2022-05-26T04:51:52;14.70;99.90
3660;DHT22;1846;51.482;7.224;2022-05-26T04:54:19;14.70;99.90
3660;DHT22;1846;51.482;7.224;2022-05-26T04:56:47;14.70;99.90
3660;DHT22;1846;51.482;7.224;2022-05-26T04:59:14;14.70;99.90
3660;DHT22;1846;51.482;7.224;2022-05-26T05:01:42;14.80;99.90
3660;DHT22;1846;51.482;7.224;2022-05-26T05:04:09;14.90;99.90
3660;DHT22;1846;51.482;7.224;2022-05-26T05:06:35;14.90;99.90
3660;DHT22;1846;51.482;7.224;2022-05-26T05:09:02;14.80;99.90
3660;DHT22;1846;51.482;7.224;2022-05-26T05:11:29;15.00;99.90
3660;DHT22;1846;51.482;7.224;2022-05-26T05:13:57;14.90;99.90
3660;DHT22;1846;51.482;7.224;2022-05-26T05:16:28;14.80;99.90
3660;DHT22;1846;51.482;7.224;2022-05-26T05:18:57;14.90;99.90
3660;DHT22;1846;51.482;7.224;2022-05-26T05:21:28;14.90;99.90
3660;DHT22;1846;51.482;7.224;2022-05-26T05:24:00;15.10;99.90
3660;DHT22;1846;51.482;7.224;2022-05-26T05:26:29;15.10;99.90
3660;DHT22;1846;51.482;7.224;2022-05-26T05:29:02;15.00;99.90
3660;DHT22;1846;51.482;7.224;2022-05-26T05:31:35;15.00;99.90
3660;DHT22;1846;51.482;7.224;2022-05-26T05:34:09;15.10;99.90
3660;DHT22;1846;51.482;7.224;2022-05-26T05:36:38;15.10;99.90
3660;DHT22;1846;51.482;7.224;2022-05-26T05:39:05;15.00;99.90
3660;DHT22;1846;51.482;7.224;2022-05-26T05:41:33;15.00;99.90
3660;DHT22;1846;51.482;7.224;2022-05-26T05:44:01;15.00;99.90
3660;DHT22;1846;51.482;7.224;2022-05-26T05:46:29;15.00;99.90
3660;DHT22;1846;51.482;7.224;2022-05-26T05:49:00;15.00;99.90
3660;DHT22;1846;51.482;7.224;2022-05-26T05:51:30;15.20;99.90
3660;DHT22;1846;51.482;7.224;2022-05-26T05:53:58;15.30;99.90
3660;DHT22;1846;51.482;7.224;2022-05-26T05:56:24;15.10;99.90
3660;DHT22;1846;51.482;7.224;2022-05-26T05:58:51;14.90;99.90
3660;DHT22;1846;51.482;7.224;2022-05-26T06:01:19;15.00;99.90
3660;DHT22;1846;51.482;7.224;2022-05-26T06:03:46;14.90;99.90
3660;DHT22;1846;51.482;7.224;2022-05-26T06:06:13;14.90;99.90
3660;DHT22;1846;51.482;7.224;2022-05-26T06:08:42;15.00;99.90
3660;DHT22;1846;51.482;7.224;2022-05-26T06:11:08;15.00;99.90
3660;DHT22;1846;51.482;7.224;2022-05-26T06:13:35;15.00;99.90
3660;DHT22;1846;51.482;7.224;2022-05-26T06:16:02;15.30;99.90
3660;DHT22;1846;51.482;7.224;2022-05-26T06:18:30;15.20;99.90
3660;DHT22;1846;51.482;7.224;2022-05-26T06:21:01;15.40;99.90
3660;DHT22;1846;51.482;7.224;2022-05-26T06:23:28;15.40;96.30
3660;DHT22;1846;51.482;7.224;2022-05-26T06:25:56;15.30;91.10
3660;DHT22;1846;51.482;7.224;2022-05-26T06:28:24;15.30;93.30
3660;DHT22;1846;51.482;7.224;2022-05-26T06:31:09;15.30;99.90
3660;DHT22;1846;51.482;7.224;2022-05-26T06:33:36;15.40;99.90
3660;DHT22;1846;51.482;7.224;2022-05-26T06:36:20;15.60;75.00
3660;DHT22;1846;51.482;7.224;2022-05-26T06:39:04;15.50;43.70
3660;DHT22;1846;51.482;7.224;2022-05-26T06:41:33;15.50;28.00
3660;DHT22;1846;51.482;7.224;2022-05-26T06:44:18;15.40;25.80
3660;DHT22;1846;51.482;7.224;2022-05-26T06:46:45;15.50;6.70
3660;DHT22;1846;51.482;7.224;2022-05-26T06:49:12;15.60;2.00
3660;DHT22;1846;51.482;7.224;2022-05-26T06:51:39;15.70;1.00
3660;DHT22;1846;51.482;7.224;2022-05-26T06:54:09;15.80;1.00
3660;DHT22;1846;51.482;7.224;2022-05-26T06:56:37;15.70;1.00
3660;DHT22;1846;51.482;7.224;2022-05-26T06:59:04;15.60;1.00
3660;DHT22;1846;51.482;7.224;2022-05-26T07:01:31;15.60;1.00
3660;DHT22;1846;51.482;7.224;2022-05-26T07:03:58;15.60;1.00
3660;DHT22;1846;51.482;7.224;2022-05-26T07:06:27;15.60;1.00
3660;DHT22;1846;51.482;7.224;2022-05-26T07:08:54;15.60;1.00
3660;DHT22;1846;51.482;7.224;2022-05-26T07:11:21;15.70;1.00
3660;DHT22;1846;51.482;7.224;2022-05-26T07:13:49;15.70;1.00
3660;DHT22;1846;51.482;7.224;2022-05-26T07:16:16;15.70;1.00
3660;DHT22;1846;51.482;7.224;2022-05-26T07:18:43;15.90;1.00
3660;DHT22;1846;51.482;7.224;2022-05-26T07:21:11;15.90;1.00
3660;DHT22;1846;51.482;7.224;2022-05-26T07:23:38;15.90;1.00
3660;DHT22;1846;51.482;7.224;2022-05-26T07:26:05;15.90;1.00
3660;DHT22;1846;51.482;7.224;2022-05-26T07:28:33;15.90;1.00
3660;DHT22;1846;51.482;7.224;2022-05-26T07:31:01;15.90;1.00
3660;DHT22;1846;51.482;7.224;2022-05-26T07:33:28;16.10;1.00
3660;DHT22;1846;51.482;7.224;2022-05-26T07:35:55;16.30;1.00
3660;DHT22;1846;51.482;7.224;2022-05-26T07:38:22;16.30;1.00
3660;DHT22;1846;51.482;7.224;2022-05-26T07:41:08;16.40;1.00
3660;DHT22;1846;51.482;7.224;2022-05-26T07:43:45;16.60;99.90
3660;DHT22;1846;51.482;7.224;2022-05-26T07:46:16;16.70;99.90
3660;DHT22;1846;51.482;7.224;2022-05-26T07:48:43;16.80;1.00
3660;DHT22;1846;51.482;7.224;2022-05-26T07:51:10;16.80;99.90
3660;DHT22;1846;51.482;7.224;2022-05-26T07:53:37;16.90;43.00
3660;DHT22;1846;51.482;7.224;2022-05-26T07:56:04;17.00;1.00
3660;DHT22;1846;51.482;7.224;2022-05-26T07:58:31;17.00;24.30
3660;DHT22;1846;51.482;7.224;2022-05-26T08:00:58;16.90;1.00
3660;DHT22;1846;51.482;7.224;2022-05-26T08:03:26;16.90;99.90
3660;DHT22;1846;51.482;7.224;2022-05-26T08:05:53;17.00;1.00
3660;DHT22;1846;51.482;7.224;2022-05-26T08:08:20;17.20;1.00
3660;DHT22;1846;51.482;7.224;2022-05-26T08:10:46;17.50;99.90
3660;DHT22;1846;51.482;7.224;2022-05-26T08:13:13;17.60;1.00
3660;DHT22;1846;51.482;7.224;2022-05-26T08:15:40;17.50;1.00
3660;DHT22;1846;51.482;7.224;2022-05-26T08:18:08;17.50;99.90
3660;DHT22;1846;51.482;7.224;2022-05-26T08:20:36;17.60;99.90
3660;DHT22;1846;51.482;7.224;2022-05-26T08:23:03;17.60;99.90
3660;DHT22;1846;51.482;7.224;2022-05-26T08:25:29;17.60;99.90
3660;DHT22;1846;51.482;7.224;2022-05-26T08:27:56;17.90;99.90
3660;DHT22;1846;51.482;7.224;2022-05-26T08:30:23;18.10;25.60
3660;DHT22;1846;51.482;7.224;2022-05-26T08:32:51;18.00;99.90
3660;DHT22;1846;51.482;7.224;2022-05-26T08:35:19;17.90;25.40
3660;DHT22;1846;51.482;7.224;2022-05-26T08:37:47;17.80;99.90
3660;DHT22;1846;51.482;7.224;2022-05-26T08:40:24;17.70;1.00
3660;DHT22;1846;51.482;7.224;2022-05-26T08:42:52;17.60;1.00
3660;DHT22;1846;51.482;7.224;2022-05-26T08:45:19;17.60;1.00
3660;DHT22;1846;51.482;7.224;2022-05-26T08:47:47;17.50;99.90
3660;DHT22;1846;51.482;7.224;2022-05-26T08:50:16;17.50;99.90
3660;DHT22;1846;51.482;7.224;2022-05-26T08:52:51;17.50;1.00
3660;DHT22;1846;51.482;7.224;2022-05-26T08:55:25;17.40;1.00
3660;DHT22;1846;51.482;7.224;2022-05-26T08:57:55;17.50;99.90
3660;DHT22;1846;51.482;7.224;2022-05-26T09:00:26;17.70;31.40
3660;DHT22;1846;51.482;7.224;2022-05-26T09:02:54;17.80;99.90
3660;DHT22;1846;51.482;7.224;2022-05-26T09:05:22;18.00;1.00
3660;DHT22;1846;51.482;7.224;2022-05-26T09:07:55;18.20;1.00
3660;DHT22;1846;51.482;7.224;2022-05-26T09:10:48;18.10;1.00
3660;DHT22;1846;51.482;7.224;2022-05-26T09:13:33;18.20;99.90
3660;DHT22;1846;51.482;7.224;2022-05-26T09:16:00;18.20;99.90
3660;DHT22;1846;51.482;7.224;2022-05-26T09:18:29;18.20;88.00
3660;DHT22;1846;51.482;7.224;2022-05-26T09:21:11;18.30;1.00
3660;DHT22;1846;51.482;7.224;2022-05-26T09:23:40;18.50;56.00
3660;DHT22;1846;51.482;7.224;2022-05-26T09:26:11;18.80;1.00
3660;DHT22;1846;51.482;7.224;2022-05-26T09:28:42;19.00;1.00
3660;DHT22;1846;51.482;7.224;2022-05-26T09:31:23;18.80;1.00
3660;DHT22;1846;51.482;7.224;2022-05-26T09:34:06;18.80;1.00
3660;DHT22;1846;51.482;7.224;2022-05-26T09:39:14;19.10;1.00
3660;DHT22;1846;51.482;7.224;2022-05-26T09:41:47;19.10;1.00
3660;DHT22;1846;51.482;7.224;2022-05-26T09:44:48;18.90;99.90
3660;DHT22;1846;51.482;7.224;2022-05-26T09:47:26;19.00;99.90
3660;DHT22;1846;51.482;7.224;2022-05-26T09:49:57;18.80;1.00
3660;DHT22;1846;51.482;7.224;2022-05-26T09:52:26;18.80;1.00
3660;DHT22;1846;51.482;7.224;2022-05-26T09:55:16;18.80;1.00
3660;DHT22;1846;51.482;7.224;2022-05-26T09:57:44;18.90;1.00
3660;DHT22;1846;51.482;7.224;2022-05-26T10:00:16;19.30;1.00
3660;DHT22;1846;51.482;7.224;2022-05-26T10:02:45;19.60;1.00
3660;DHT22;1846;51.482;7.224;2022-05-26T10:05:21;19.90;99.90
3660;DHT22;1846;51.482;7.224;2022-05-26T10:07:57;19.70;99.90
3660;DHT22;1846;51.482;7.224;2022-05-26T10:10:30;19.50;99.90
3660;DHT22;1846;51.482;7.224;2022-05-26T10:13:16;19.40;99.90
3660;DHT22;1846;51.482;7.224;2022-05-26T10:15:53;19.20;99.90
3660;DHT22;1846;51.482;7.224;2022-05-26T10:18:41;19.10;1.00
3660;DHT22;1846;51.482;7.224;2022-05-26T10:21:18;19.20;1.00
3660;DHT22;1846;51.482;7.224;2022-05-26T10:24:01;19.60;99.90
3660;DHT22;1846;51.482;7.224;2022-05-26T10:26:35;19.70;99.90
3660;DHT22;1846;51.482;7.224;2022-05-26T10:29:24;19.90;99.90
3660;DHT22;1846;51.482;7.224;2022-05-26T10:32:21;19.90;99.90
3660;DHT22;1846;51.482;7.224;2022-05-26T10:35:05;19.80;99.90
3660;DHT22;1846;51.482;7.224;2022-05-26T10:37:45;19.90;99.90
3660;DHT22;1846;51.482;7.224;2022-05-26T10:40:29;19.90;99.90
3660;DHT22;1846;51.482;7.224;2022-05-26T10:43:02;20.90;99.90
3660;DHT22;1846;51.482;7.224;2022-05-26T10:45:36;21.90;99.90
3660;DHT22;1846;51.482;7.224;2022-05-26T10:48:08;22.70;99.90
3660;DHT22;1846;51.482;7.224;2022-05-26T10:50:41;22.60;99.90
3660;DHT22;1846;51.482;7.224;2022-05-26T10:53:15;22.10;99.90
3660;DHT22;1846;51.482;7.224;2022-05-26T10:55:51;21.70;99.90
3660;DHT22;1846;51.482;7.224;2022-05-26T10:58:26;21.70;99.90
3660;DHT22;1846;51.482;7.224;2022-05-26T11:01:03;22.30;99.90
3660;DHT22;1846;51.482;7.224;2022-05-26T11:03:36;23.00;99.90
3660;DHT22;1846;51.482;7.224;2022-05-26T11:06:07;23.20;99.90
3660;DHT22;1846;51.482;7.224;2022-05-26T11:08:38;23.60;99.90
3660;DHT22;1846;51.482;7.224;2022-05-26T11:11:12;23.80;99.90
3660;DHT22;1846;51.482;7.224;2022-05-26T11:13:50;24.10;99.90
3660;DHT22;1846;51.482;7.224;2022-05-26T11:16:29;24.70;99.90
3660;DHT22;1846;51.482;7.224;2022-05-26T11:19:32;24.30;99.90
3660;DHT22;1846;51.482;7.224;2022-05-26T11:22:02;23.60;99.90
3660;DHT22;1846;51.482;7.224;2022-05-26T11:24:30;23.40;99.90
3660;DHT22;1846;51.482;7.224;2022-05-26T11:27:04;23.30;99.90
3660;DHT22;1846;51.482;7.224;2022-05-26T11:29:39;23.30;99.90
3660;DHT22;1846;51.482;7.224;2022-05-26T11:32:15;24.00;99.90
3660;DHT22;1846;51.482;7.224;2022-05-26T11:35:16;23.90;99.90
3660;DHT22;1846;51.482;7.224;2022-05-26T11:38:11;23.50;99.90
3660;DHT22;1846;51.482;7.224;2022-05-26T11:40:44;22.60;99.90
3660;DHT22;1846;51.482;7.224;2022-05-26T11:43:23;21.70;99.90
3660;DHT22;1846;51.482;7.224;2022-05-26T11:45:53;21.40;99.90
3660;DHT22;1846;51.482;7.224;2022-05-26T11:48:44;21.00;99.90
3660;DHT22;1846;51.482;7.224;2022-05-26T11:51:42;21.20;99.90
3660;DHT22;1846;51.482;7.224;2022-05-26T11:57:34;21.30;99.90
3660;DHT22;1846;51.482;7.224;2022-05-26T12:00:17;21.20;99.90
3660;DHT22;1846;51.482;7.224;2022-05-26T12:02:48;20.90;99.90
3660;DHT22;1846;51.482;7.224;2022-05-26T12:07:52;20.30;99.90
3660;DHT22;1846;51.482;7.224;2022-05-26T12:10:20;20.30;99.90
3660;DHT22;1846;51.482;7.224;2022-05-26T12:12:48;20.60;99.90
3660;DHT22;1846;51.482;7.224;2022-05-26T12:15:18;21.10;99.90
3660;DHT22;1846;51.482;7.224;2022-05-26T12:17:50;21.20;99.90
3660;DHT22;1846;51.482;7.224;2022-05-26T12:20:32;21.00;99.90
3660;DHT22;1846;51.482;7.224;2022-05-26T12:23:26;20.90;99.90
3660;DHT22;1846;51.482;7.224;2022-05-26T12:26:25;20.90;99.90
3660;DHT22;1846;51.482;7.224;2022-05-26T12:28:54;20.70;99.90
3660;DHT22;1846;51.482;7.224;2022-05-26T12:31:21;20.40;99.90
3660;DHT22;1846;51.482;7.224;2022-05-26T12:34:13;20.50;99.90
3660;DHT22;1846;51.482;7.224;2022-05-26T12:36:54;20.80;99.90
3660;DHT22;1846;51.482;7.224;2022-05-26T12:39:59;21.10;99.90
3660;DHT22;1846;51.482;7.224;2022-05-26T12:42:48;21.30;99.90
3660;DHT22;1846;51.482;7.224;2022-05-26T12:45:47;21.60;99.90
3660;DHT22;1846;51.482;7.224;2022-05-26T12:48:34;22.00;99.90
3660;DHT22;1846;51.482;7.224;2022-05-26T12:51:11;22.00;99.90
3660;DHT22;1846;51.482;7.224;2022-05-26T12:53:45;21.90;99.90
3660;DHT22;1846;51.482;7.224;2022-05-26T12:56:18;21.50;99.90
3660;DHT22;1846;51.482;7.224;2022-05-26T12:58:52;21.30;99.90
3660;DHT22;1846;51.482;7.224;2022-05-26T13:01:24;21.10;99.90
3660;DHT22;1846;51.482;7.224;2022-05-26T13:03:58;21.30;99.90
3660;DHT22;1846;51.482;7.224;2022-05-26T13:06:31;21.40;99.90
3660;DHT22;1846;51.482;7.224;2022-05-26T13:09:03;21.40;99.90
3660;DHT22;1846;51.482;7.224;2022-05-26T13:14:09;21.60;99.90
3660;DHT22;1846;51.482;7.224;2022-05-26T13:16:42;21.30;99.90
3660;DHT22;1846;51.482;7.224;2022-05-26T13:19:11;21.30;99.90
3660;DHT22;1846;51.482;7.224;2022-05-26T13:21:42;21.20;99.90
3660;DHT22;1846;51.482;7.224;2022-05-26T13:24:18;21.40;99.90
3660;DHT22;1846;51.482;7.224;2022-05-26T13:26:46;21.50;99.90
3660;DHT22;1846;51.482;7.224;2022-05-26T13:29:17;21.50;99.90
3660;DHT22;1846;51.482;7.224;2022-05-26T13:31:47;21.60;99.90
3660;DHT22;1846;51.482;7.224;2022-05-26T13:34:33;21.50;99.90
3660;DHT22;1846;51.482;7.224;2022-05-26T13:37:15;21.70;99.90
3660;DHT22;1846;51.482;7.224;2022-05-26T13:39:42;21.70;99.90
3660;DHT22;1846;51.482;7.224;2022-05-26T13:42:10;21.70;99.90
3660;DHT22;1846;51.482;7.224;2022-05-26T13:44:40;21.70;99.90
3660;DHT22;1846;51.482;7.224;2022-05-26T13:47:08;21.90;99.90
3660;DHT22;1846;51.482;7.224;2022-05-26T13:49:39;21.80;99.90
3660;DHT22;1846;51.482;7.224;2022-05-26T13:52:13;21.70;99.90
3660;DHT22;1846;51.482;7.224;2022-05-26T13:54:48;21.40;99.90
3660;DHT22;1846;51.482;7.224;2022-05-26T13:57:21;21.20;99.90
3660;DHT22;1846;51.482;7.224;2022-05-26T13:59:52;21.10;99.90
3660;DHT22;1846;51.482;7.224;2022-05-26T14:02:22;21.00;99.90
3660;DHT22;1846;51.482;7.224;2022-05-26T14:05:07;21.10;99.90
3660;DHT22;1846;51.482;7.224;2022-05-26T14:07:44;21.00;99.90
3660;DHT22;1846;51.482;7.224;2022-05-26T14:10:20;21.00;99.90
3660;DHT22;1846;51.482;7.224;2022-05-26T14:12:59;21.00;99.90
3660;DHT22;1846;51.482;7.224;2022-05-26T14:15:41;21.00;99.90
3660;DHT22;1846;51.482;7.224;2022-05-26T14:18:20;20.80;99.90
3660;DHT22;1846;51.482;7.224;2022-05-26T14:20:55;20.90;99.90
3660;DHT22;1846;51.482;7.224;2022-05-26T14:23:23;21.00;99.90
3660;DHT22;1846;51.482;7.224;2022-05-26T14:25:59;20.80;99.90
3660;DHT22;1846;51.482;7.224;2022-05-26T14:28:32;20.70;99.90
3660;DHT22;1846;51.482;7.224;2022-05-26T14:30:59;20.70;99.90
3660;DHT22;1846;51.482;7.224;2022-05-26T14:33:30;20.80;99.90
3660;DHT22;1846;51.482;7.224;2022-05-26T14:35:57;20.80;99.90
3660;DHT22;1846;51.482;7.224;2022-05-26T14:38:26;20.80;99.90
3660;DHT22;1846;51.482;7.224;2022-05-26T14:40:53;20.90;99.90
3660;DHT22;1846;51.482;7.224;2022-05-26T14:43:23;21.10;99.90
3660;DHT22;1846;51.482;7.224;2022-05-26T14:45:50;20.90;99.90
3660;DHT22;1846;51.482;7.224;2022-05-26T14:48:18;20.90;99.90
3660;DHT22;1846;51.482;7.224;2022-05-26T14:50:45;20.70;99.90
3660;DHT22;1846;51.482;7.224;2022-05-26T14:53:13;20.60;99.90
3660;DHT22;1846;51.482;7.224;2022-05-26T14:55:42;20.60;99.90
3660;DHT22;1846;51.482;7.224;2022-05-26T14:58:10;20.80;99.90
3660;DHT22;1846;51.482;7.224;2022-05-26T15:00:41;20.80;99.90
3660;DHT22;1846;51.482;7.224;2022-05-26T15:03:10;21.00;99.90
3660;DHT22;1846;51.482;7.224;2022-05-26T15:05:37;21.00;99.90
3660;DHT22;1846;51.482;7.224;2022-05-26T15:08:14;21.00;99.90
3660;DHT22;1846;51.482;7.224;2022-05-26T15:10:42;20.90;99.90
3660;DHT22;1846;51.482;7.224;2022-05-26T15:13:09;20.90;99.90
3660;DHT22;1846;51.482;7.224;2022-05-26T15:15:36;20.90;99.90
3660;DHT22;1846;51.482;7.224;2022-05-26T15:18:03;21.10;99.90
3660;DHT22;1846;51.482;7.224;2022-05-26T15:20:30;21.00;99.90
3660;DHT22;1846;51.482;7.224;2022-05-26T15:22:57;20.80;99.90
3660;DHT22;1846;51.482;7.224;2022-05-26T15:25:24;20.60;99.90
3660;DHT22;1846;51.482;7.224;2022-05-26T15:27:52;20.50;99.90
3660;DHT22;1846;51.482;7.224;2022-05-26T15:30:24;20.50;99.90
3660;DHT22;1846;51.482;7.224;2022-05-26T15:32:51;20.70;99.90
3660;DHT22;1846;51.482;7.224;2022-05-26T15:35:20;20.60;99.90
3660;DHT22;1846;51.482;7.224;2022-05-26T15:37:48;20.70;99.90
3660;DHT22;1846;51.482;7.224;2022-05-26T15:40:19;20.70;99.90
3660;DHT22;1846;51.482;7.224;2022-05-26T15:42:47;20.60;99.90
3660;DHT22;1846;51.482;7.224;2022-05-26T15:45:16;20.90;99.90
3660;DHT22;1846;51.482;7.224;2022-05-26T15:47:44;21.10;99.90
3660;DHT22;1846;51.482;7.224;2022-05-26T15:50:15;21.00;99.90
3660;DHT22;1846;51.482;7.224;2022-05-26T15:52:43;21.00;99.90
3660;DHT22;1846;51.482;7.224;2022-05-26T15:55:10;20.90;99.90
3660;DHT22;1846;51.482;7.224;2022-05-26T15:57:38;20.90;99.90
3660;DHT22;1846;51.482;7.224;2022-05-26T16:00:09;20.90;99.90
3660;DHT22;1846;51.482;7.224;2022-05-26T16:02:38;20.90;99.90
3660;DHT22;1846;51.482;7.224;2022-05-26T16:05:05;20.80;99.90
3660;DHT22;1846;51.482;7.224;2022-05-26T16:07:32;20.90;99.90
3660;DHT22;1846;51.482;7.224;2022-05-26T16:09:59;20.80;99.90
3660;DHT22;1846;51.482;7.224;2022-05-26T16:12:26;20.90;99.90
3660;DHT22;1846;51.482;7.224;2022-05-26T16:14:53;20.80;99.90
3660;DHT22;1846;51.482;7.224;2022-05-26T16:17:19;20.80;99.90
3660;DHT22;1846;51.482;7.224;2022-05-26T16:19:49;20.90;99.90
3660;DHT22;1846;51.482;7.224;2022-05-26T16:22:19;21.00;99.90
3660;DHT22;1846;51.482;7.224;2022-05-26T16:24:48;20.80;99.90
3660;DHT22;1846;51.482;7.224;2022-05-26T16:27:16;20.80;99.90
3660;DHT22;1846;51.482;7.224;2022-05-26T16:29:43;20.90;99.90
3660;DHT22;1846;51.482;7.224;2022-05-26T16:32:10;20.90;99.90
3660;DHT22;1846;51.482;7.224;2022-05-26T16:34:37;20.90;99.90
3660;DHT22;1846;51.482;7.224;2022-05-26T16:37:06;20.70;99.90
3660;DHT22;1846;51.482;7.224;2022-05-26T16:39:36;20.70;99.90
3660;DHT22;1846;51.482;7.224;2022-05-26T16:42:04;20.70;99.90
3660;DHT22;1846;51.482;7.224;2022-05-26T16:44:32;20.50;99.90
3660;DHT22;1846;51.482;7.224;2022-05-26T16:46:59;20.40;99.90
3660;DHT22;1846;51.482;7.224;2022-05-26T16:49:26;20.60;99.90
3660;DHT22;1846;51.482;7.224;2022-05-26T16:51:53;20.50;99.90
3660;DHT22;1846;51.482;7.224;2022-05-26T16:54:23;20.40;99.90
3660;DHT22;1846;51.482;7.224;2022-05-26T16:56:52;20.30;99.90
3660;DHT22;1846;51.482;7.224;2022-05-26T16:59:20;20.60;99.90
3660;DHT22;1846;51.482;7.224;2022-05-26T17:01:47;20.50;99.90
3660;DHT22;1846;51.482;7.224;2022-05-26T17:04:14;20.40;99.90
3660;DHT22;1846;51.482;7.224;2022-05-26T17:06:41;20.40;99.90
3660;DHT22;1846;51.482;7.224;2022-05-26T17:09:10;20.50;99.90
3660;DHT22;1846;51.482;7.224;2022-05-26T17:11:39;20.70;99.90
3660;DHT22;1846;51.482;7.224;2022-05-26T17:14:05;20.50;99.90
3660;DHT22;1846;51.482;7.224;2022-05-26T17:16:50;20.40;99.90
3660;DHT22;1846;51.482;7.224;2022-05-26T17:19:34;20.40;99.90
3660;DHT22;1846;51.482;7.224;2022-05-26T17:22:19;20.30;99.90
3660;DHT22;1846;51.482;7.224;2022-05-26T17:24:46;20.50;99.90
3660;DHT22;1846;51.482;7.224;2022-05-26T17:27:18;20.50;99.90
3660;DHT22;1846;51.482;7.224;2022-05-26T17:29:45;20.40;99.90
3660;DHT22;1846;51.482;7.224;2022-05-26T17:32:12;20.40;99.90
3660;DHT22;1846;51.482;7.224;2022-05-26T17:34:39;20.40;99.90
3660;DHT22;1846;51.482;7.224;2022-05-26T17:37:07;20.50;99.90
3660;DHT22;1846;51.482;7.224;2022-05-26T17:39:34;20.30;99.90
3660;DHT22;1846;51.482;7.224;2022-05-26T17:42:02;20.20;99.90
3660;DHT22;1846;51.482;7.224;2022-05-26T17:44:32;20.10;99.90
3660;DHT22;1846;51.482;7.224;2022-05-26T17:46:59;20.30;99.90
3660;DHT22;1846;51.482;7.224;2022-05-26T17:49:27;20.30;99.90
3660;DHT22;1846;51.482;7.224;2022-05-26T17:51:56;20.20;99.90
3660;DHT22;1846;51.482;7.224;2022-05-26T17:54:26;20.20;99.90
3660;DHT22;1846;51.482;7.224;2022-05-26T17:56:53;20.20;99.90
3660;DHT22;1846;51.482;7.224;2022-05-26T17:59:22;20.10;99.90
3660;DHT22;1846;51.482;7.224;2022-05-26T18:02:12;20.20;99.90
3660;DHT22;1846;51.482;7.224;2022-05-26T18:04:38;20.10;99.90
3660;DHT22;1846;51.482;7.224;2022-05-26T18:07:05;20.10;99.90
3660;DHT22;1846;51.482;7.224;2022-05-26T18:09:33;20.00;99.90
3660;DHT22;1846;51.482;7.224;2022-05-26T18:12:00;20.10;99.90
3660;DHT22;1846;51.482;7.224;2022-05-26T18:14:27;20.00;99.90
3660;DHT22;1846;51.482;7.224;2022-05-26T18:16:54;20.10;99.90
3660;DHT22;1846;51.482;7.224;2022-05-26T18:19:23;20.10;99.90
3660;DHT22;1846;51.482;7.224;2022-05-26T18:21:50;20.20;99.90
3660;DHT22;1846;51.482;7.224;2022-05-26T18:24:18;20.20;99.90
3660;DHT22;1846;51.482;7.224;2022-05-26T18:26:45;20.30;99.90
3660;DHT22;1846;51.482;7.224;2022-05-26T18:29:12;20.00;99.90
3660;DHT22;1846;51.482;7.224;2022-05-26T18:31:41;20.00;99.90
3660;DHT22;1846;51.482;7.224;2022-05-26T18:34:12;20.10;99.90
3660;DHT22;1846;51.482;7.224;2022-05-26T18:36:42;20.00;99.90
3660;DHT22;1846;51.482;7.224;2022-05-26T18:39:09;20.00;99.90
3660;DHT22;1846;51.482;7.224;2022-05-26T18:41:36;20.00;99.90
3660;DHT22;1846;51.482;7.224;2022-05-26T18:44:03;19.90;99.90
3660;DHT22;1846;51.482;7.224;2022-05-26T18:46:32;19.80;99.90
3660;DHT22;1846;51.482;7.224;2022-05-26T18:48:59;19.90;99.90
3660;DHT22;1846;51.482;7.224;2022-05-26T18:51:27;19.90;99.90
3660;DHT22;1846;51.482;7.224;2022-05-26T18:53:56;19.80;99.90
3660;DHT22;1846;51.482;7.224;2022-05-26T18:56:23;19.70;99.90
3660;DHT22;1846;51.482;7.224;2022-05-26T18:58:50;19.80;99.90
3660;DHT22;1846;51.482;7.224;2022-05-26T19:01:18;19.70;99.90
3660;DHT22;1846;51.482;7.224;2022-05-26T19:03:46;19.80;99.90
3660;DHT22;1846;51.482;7.224;2022-05-26T19:06:14;19.70;99.90
3660;DHT22;1846;51.482;7.224;2022-05-26T19:08:42;19.70;99.90
3660;DHT22;1846;51.482;7.224;2022-05-26T19:11:12;19.80;99.90
3660;DHT22;1846;51.482;7.224;2022-05-26T19:13:41;19.80;99.90
3660;DHT22;1846;51.482;7.224;2022-05-26T19:16:11;19.80;99.90
3660;DHT22;1846;51.482;7.224;2022-05-26T19:18:39;19.70;99.90
3660;DHT22;1846;51.482;7.224;2022-05-26T19:21:06;19.70;99.90
3660;DHT22;1846;51.482;7.224;2022-05-26T19:23:33;19.60;99.90
3660;DHT22;1846;51.482;7.224;2022-05-26T19:26:05;19.60;99.90
3660;DHT22;1846;51.482;7.224;2022-05-26T19:28:37;19.60;99.90
3660;DHT22;1846;51.482;7.224;2022-05-26T19:31:10;19.60;99.90
3660;DHT22;1846;51.482;7.224;2022-05-26T19:33:38;19.60;99.90
3660;DHT22;1846;51.482;7.224;2022-05-26T19:36:05;19.50;99.90
3660;DHT22;1846;51.482;7.224;2022-05-26T19:38:32;19.50;99.90
3660;DHT22;1846;51.482;7.224;2022-05-26T19:40:58;19.60;99.90
3660;DHT22;1846;51.482;7.224;2022-05-26T19:43:27;19.50;99.90
3660;DHT22;1846;51.482;7.224;2022-05-26T19:45:56;19.40;99.90
3660;DHT22;1846;51.482;7.224;2022-05-26T19:48:22;19.60;99.90
3660;DHT22;1846;51.482;7.224;2022-05-26T19:50:49;19.60;99.90
3660;DHT22;1846;51.482;7.224;2022-05-26T19:53:16;19.50;99.90
3660;DHT22;1846;51.482;7.224;2022-05-26T19:55:45;19.40;99.90
3660;DHT22;1846;51.482;7.224;2022-05-26T19:58:14;19.50;1.00
3660;DHT22;1846;51.482;7.224;2022-05-26T20:00:41;19.40;99.90
3660;DHT22;1846;51.482;7.224;2022-05-26T20:03:09;19.50;1.00
3660;DHT22;1846;51.482;7.224;2022-05-26T20:05:36;19.60;99.90
3660;DHT22;1846;51.482;7.224;2022-05-26T20:08:04;19.60;99.90
3660;DHT22;1846;51.482;7.224;2022-05-26T20:10:31;19.60;99.90
3660;DHT22;1846;51.482;7.224;2022-05-26T20:12:58;19.60;99.90
3660;DHT22;1846;51.482;7.224;2022-05-26T20:15:25;19.60;99.90
3660;DHT22;1846;51.482;7.224;2022-05-26T20:17:52;19.60;99.90
3660;DHT22;1846;51.482;7.224;2022-05-26T20:20:21;19.50;99.90
3660;DHT22;1846;51.482;7.224;2022-05-26T20:22:49;19.40;99.90
3660;DHT22;1846;51.482;7.224;2022-05-26T20:25:17;19.40;99.90
3660;DHT22;1846;51.482;7.224;2022-05-26T20:27:44;19.30;99.90
3660;DHT22;1846;51.482;7.224;2022-05-26T20:30:24;19.10;1.00
3660;DHT22;1846;51.482;7.224;2022-05-26T20:32:51;19.20;1.00
3660;DHT22;1846;51.482;7.224;2022-05-26T20:35:19;19.10;1.00
3660;DHT22;1846;51.482;7.224;2022-05-26T20:37:46;19.10;1.00
3660;DHT22;1846;51.482;7.224;2022-05-26T20:40:13;19.20;1.00
3660;DHT22;1846;51.482;7.224;2022-05-26T20:42:40;19.10;1.00
3660;DHT22;1846;51.482;7.224;2022-05-26T20:45:07;19.20;1.00
3660;DHT22;1846;51.482;7.224;2022-05-26T20:47:34;19.10;1.00
3660;DHT22;1846;51.482;7.224;2022-05-26T20:50:02;19.00;1.00
3660;DHT22;1846;51.482;7.224;2022-05-26T20:52:30;18.90;1.00
3660;DHT22;1846;51.482;7.224;2022-05-26T20:54:57;18.90;1.00
3660;DHT22;1846;51.482;7.224;2022-05-26T20:59:59;18.90;1.00
3660;DHT22;1846;51.482;7.224;2022-05-26T21:02:26;18.90;1.00
3660;DHT22;1846;51.482;7.224;2022-05-26T21:04:53;18.90;1.00
3660;DHT22;1846;51.482;7.224;2022-05-26T21:07:23;18.80;1.00
3660;DHT22;1846;51.482;7.224;2022-05-26T21:09:52;18.90;1.00
3660;DHT22;1846;51.482;7.224;2022-05-26T21:12:19;18.80;1.00
3660;DHT22;1846;51.482;7.224;2022-05-26T21:14:46;18.70;1.00
3660;DHT22;1846;51.482;7.224;2022-05-26T21:17:13;18.70;1.00
3660;DHT22;1846;51.482;7.224;2022-05-26T21:19:42;18.60;1.00
3660;DHT22;1846;51.482;7.224;2022-05-26T21:22:10;18.60;1.00
3660;DHT22;1846;51.482;7.224;2022-05-26T21:24:38;18.60;1.00
3660;DHT22;1846;51.482;7.224;2022-05-26T21:27:10;18.50;1.00
3660;DHT22;1846;51.482;7.224;2022-05-26T21:29:37;18.40;1.00
3660;DHT22;1846;51.482;7.224;2022-05-26T21:32:05;18.40;1.00
3660;DHT22;1846;51.482;7.224;2022-05-26T21:34:32;18.40;1.00
3660;DHT22;1846;51.482;7.224;2022-05-26T21:36:59;18.40;1.00
3660;DHT22;1846;51.482;7.224;2022-05-26T21:39:26;18.40;1.00
3660;DHT22;1846;51.482;7.224;2022-05-26T21:41:53;18.30;1.00
3660;DHT22;1846;51.482;7.224;2022-05-26T21:44:21;18.30;1.00
3660;DHT22;1846;51.482;7.224;2022-05-26T21:46:48;18.40;1.00
3660;DHT22;1846;51.482;7.224;2022-05-26T21:49:15;18.30;1.00
3660;DHT22;1846;51.482;7.224;2022-05-26T21:51:45;18.30;1.00
3660;DHT22;1846;51.482;7.224;2022-05-26T21:54:16;18.30;1.00
3660;DHT22;1846;51.482;7.224;2022-05-26T21:56:45;18.20;1.00
3660;DHT22;1846;51.482;7.224;2022-05-26T21:59:14;18.20;13.90
3660;DHT22;1846;51.482;7.224;2022-05-26T22:01:44;18.20;47.60
3660;DHT22;1846;51.482;7.224;2022-05-26T22:04:15;18.00;99.90
3660;DHT22;1846;51.482;7.224;2022-05-26T22:06:42;17.90;99.90
3660;DHT22;1846;51.482;7.224;2022-05-26T22:09:26;17.90;99.90
3660;DHT22;1846;51.482;7.224;2022-05-26T22:12:13;17.90;99.90
3660;DHT22;1846;51.482;7.224;2022-05-26T22:14:40;17.80;99.90
3660;DHT22;1846;51.482;7.224;2022-05-26T22:17:11;17.70;99.90
3660;DHT22;1846;51.482;7.224;2022-05-26T22:19:38;17.70;99.90
3660;DHT22;1846;51.482;7.224;2022-05-26T22:22:09;17.80;99.90
3660;DHT22;1846;51.482;7.224;2022-05-26T22:24:36;17.90;99.90
3660;DHT22;1846;51.482;7.224;2022-05-26T22:27:04;18.00;99.90
3660;DHT22;1846;51.482;7.224;2022-05-26T22:29:31;17.80;99.90
3660;DHT22;1846;51.482;7.224;2022-05-26T22:31:59;17.70;99.90
3660;DHT22;1846;51.482;7.224;2022-05-26T22:34:33;17.90;99.90
3660;DHT22;1846;51.482;7.224;2022-05-26T22:37:13;18.00;99.90
3660;DHT22;1846;51.482;7.224;2022-05-26T22:39:40;17.70;99.90
3660;DHT22;1846;51.482;7.224;2022-05-26T22:42:08;17.60;99.90
3660;DHT22;1846;51.482;7.224;2022-05-26T22:44:36;17.50;99.90
3660;DHT22;1846;51.482;7.224;2022-05-26T22:47:05;17.30;99.90
3660;DHT22;1846;51.482;7.224;2022-05-26T22:49:33;17.20;99.90
3660;DHT22;1846;51.482;7.224;2022-05-26T22:52:00;17.20;99.90
3660;DHT22;1846;51.482;7.224;2022-05-26T22:54:27;17.20;99.90
3660;DHT22;1846;51.482;7.224;2022-05-26T22:56:53;17.00;99.90
3660;DHT22;1846;51.482;7.224;2022-05-26T22:59:20;16.90;1.00
3660;DHT22;1846;51.482;7.224;2022-05-26T23:01:47;16.90;1.00
3660;DHT22;1846;51.482;7.224;2022-05-26T23:04:14;16.90;1.00
3660;DHT22;1846;51.482;7.224;2022-05-26T23:06:42;16.90;1.00
3660;DHT22;1846;51.482;7.224;2022-05-26T23:09:09;17.10;1.00
3660;DHT22;1846;51.482;7.224;2022-05-26T23:11:36;17.20;1.00
3660;DHT22;1846;51.482;7.224;2022-05-26T23:14:03;17.20;1.00
3660;DHT22;1846;51.482;7.224;2022-05-26T23:16:31;17.00;1.00
3660;DHT22;1846;51.482;7.224;2022-05-26T23:18:58;16.90;4.70
3660;DHT22;1846;51.482;7.224;2022-05-26T23:21:26;17.00;99.90
3660;DHT22;1846;51.482;7.224;2022-05-26T23:23:54;16.80;95.20
3660;DHT22;1846;51.482;7.224;2022-05-26T23:26:21;16.90;1.00
3660;DHT22;1846;51.482;7.224;2022-05-26T23:28:48;16.90;18.40
3660;DHT22;1846;51.482;7.224;2022-05-26T23:31:16;16.70;99.90
3660;DHT22;1846;51.482;7.224;2022-05-26T23:33:42;16.70;99.90
3660;DHT22;1846;51.482;7.224;2022-05-26T23:36:09;16.70;99.90
3660;DHT22;1846;51.482;7.224;2022-05-26T23:38:36;16.70;99.90
3660;DHT22;1846;51.482;7.224;2022-05-26T23:41:04;16.70;99.90
3660;DHT22;1846;51.482;7.224;2022-05-26T23:43:48;16.70;99.90
3660;DHT22;1846;51.482;7.224;2022-05-26T23:46:16;16.60;99.90
3660;DHT22;1846;51.482;7.224;2022-05-26T23:48:43;16.60;1.00
3660;DHT22;1846;51.482;7.224;2022-05-26T23:51:10;16.60;1.00
3660;DHT22;1846;51.482;7.224;2022-05-26T23:53:37;16.80;1.00
3660;DHT22;1846;51.482;7.224;2022-05-26T23:56:06;16.90;99.90
3660;DHT22;1846;51.482;7.224;2022-05-26T23:58:52;16.80;99.90
